{
	"ambient": {
		"x": 0.10000000149011612,
		"y": 0.10000000149011612,
		"z": 0.10000000149011612
	},
	"default_material": "null",
	"lights": [
		{
			"color": {
				"x": 1.0,
				"y": 1.0,
				"z": 1.0
			},
			"position": {
				"x": 0.0,
				"y": 1.0,
				"z": 3.0
			},
			"range": 100.0
		},
		{
			"color": {
				"x": 0.20000000298023224,
				"y": 0.800000011920929,
				"z": 0.10000000149011612
			},
			"position": {
				"x": 1.0,
				"y": 0.0,
				"z": 3.0
			},
			"range": 4.0
		},
		{
			"color": {
				"x": 1.0,
				"y": 0.20000000298023224,
				"z": 0.10000000149011612
			},
			"position": {
				"x": 0.0,
				"y": 1.0,
				"z": 3.0
			},
			"range": 4.0
		}
	],
	"main_camera": "222d1ef1-f139-a341-adea-ffcdcd2315c1",
	"objects": [
		{
			"children": [],
			"components": {
				"Gameplay::Camera": {
					"clear_color": {
						"w": -431602080.0,
						"x": -431602080.0,
						"y": -431602080.0,
						"z": -431602080.0
					},
					"enabled": true,
					"far_plane": 1000.0,
					"fov_radians": 1.5707963705062866,
					"guid": "222d1ef1-f139-a341-adea-ffcdcd2315c1",
					"near_plane": 0.10000000149011612,
					"ortho_enabled": false,
					"ortho_size": 10.0
				},
				"SimpleCameraControl": {
					"enabled": true,
					"guid": "f6b93fa9-1ca9-404f-9d02-94f30ef252b4",
					"mouse_sensitivity": {
						"x": 0.5,
						"y": 0.30000001192092896
					},
					"move_speed": {
						"x": 1.0,
						"y": 1.0,
						"z": 1.0
					},
					"shift_mult": 2.0
				}
			},
			"guid": "d1768193-a8a1-2449-9ddc-e27e938caf35",
			"hide_in_inspector": false,
			"name": "Main Camera",
			"parent": "null",
			"position": {
				"x": -3.9210000038146973,
				"y": 2.9739999771118164,
				"z": 5.376999855041504
			},
			"rotation": {
				"w": 0.41459983587265015,
				"x": 0.16108806431293488,
				"y": -0.32436469197273254,
				"z": -0.8348324298858643
			},
			"scale": {
				"x": 1.0,
				"y": 1.0,
				"z": 1.0
			}
		},
		{
			"children": [],
			"components": {
				"Gameplay::Physics::RigidBody": {
					"angular_damping": 0.004999999888241291,
					"colliders": [
						{
							"extents": {
								"x": 50.0,
								"y": 50.0,
								"z": 1.0
							},
							"guid": "4c5c042d-1854-3c49-9612-6d475b19e708",
							"position": {
								"x": 0.0,
								"y": 0.0,
								"z": -1.0
							},
							"rotation": {
								"x": 0.0,
								"y": 0.0,
								"z": 0.0
							},
							"scale": {
								"x": 1.0,
								"y": 1.0,
								"z": 1.0
							},
							"type": "Box"
						}
					],
					"enabled": true,
					"group": 1,
					"guid": "aa240151-7090-9148-9dfc-6e9c08aad49c",
					"linear_damping": 0.0,
					"mask": -1,
					"mass": 1.0,
					"type": "Static"
				},
				"RenderComponent": {
					"enabled": true,
					"guid": "d3a30714-a622-1843-a4ff-c06a695e5016",
					"material": "278b45fc-0228-6546-8eba-1a3249d72333",
					"mesh": "abc30363-d15b-f84f-a8f7-987411b9cf93"
				}
			},
			"guid": "5954d80d-0df4-414f-a659-e859e14dde7a",
			"hide_in_inspector": false,
			"name": "Plane",
			"parent": "null",
			"position": {
				"x": 0.0,
				"y": 0.0,
				"z": 0.0
			},
			"rotation": {
				"w": 1.0,
				"x": 0.0,
				"y": 0.0,
				"z": 0.0
			},
			"scale": {
				"x": 1.0,
				"y": 1.0,
				"z": 1.0
			}
		},
		{
			"children": [],
			"components": {
				"Gameplay::Physics::RigidBody": {
					"angular_damping": 0.004999999888241291,
					"colliders": [
						{
							"guid": "6e1a0199-ccbf-874a-aa93-708b63a34dae",
							"position": {
								"x": 0.0,
								"y": 0.0,
								"z": 0.0
							},
							"rotation": {
								"x": 0.0,
								"y": 0.0,
								"z": 0.0
							},
							"scale": {
								"x": 1.0,
								"y": 1.0,
								"z": 1.0
							},
							"type": "ConvexMesh"
						}
					],
					"enabled": true,
					"group": 1,
					"guid": "eef08f8a-c5cf-9349-ad51-d0319f264b4d",
					"linear_damping": 0.0,
					"mask": -1,
					"mass": 1.0,
					"type": "Dynamic"
				},
				"JumpBehaviour": {
					"enabled": true,
					"guid": "3e6e2f04-3ef5-a243-be94-3e0c543caab7",
					"impulse": 10.0
				},
				"RenderComponent": {
					"enabled": true,
					"guid": "f54eab5c-187c-b94b-8bbe-5947a5843893",
					"material": "278b45fc-0228-6546-8eba-1a3249d72333",
					"mesh": "fbd2cfa8-c9fd-8444-980c-910fa0dc6ce3"
				},
				"SimpleObjectController": {
					"enabled": true,
					"guid": "adff1476-91ce-e344-a27d-aa6df0e4526f"
				}
			},
			"guid": "24ef34ec-1a4c-424c-8ed4-7aef7034157a",
			"hide_in_inspector": false,
			"name": "Monkey 1",
			"parent": "null",
			"position": {
				"x": 1.5,
				"y": 0.0,
				"z": 1.0
			},
			"rotation": {
				"w": 1.0,
				"x": 0.0,
				"y": 0.0,
				"z": 0.0
			},
			"scale": {
				"x": 1.0,
				"y": 1.0,
				"z": 1.0
			}
		},
		{
			"children": [
				{
					"children": [],
					"components": {
						"RenderComponent": {
							"enabled": true,
							"guid": "f31f10b6-3846-f94c-b697-b84b5caa0128",
							"material": "f148361a-f1a7-7e47-9c07-4e2847f28c7c",
							"mesh": "d64dc642-f654-fe40-a65b-989a7c907ade"
						}
					},
					"guid": "83e39edd-5e94-d540-9d7d-5bd164562cd0",
					"hide_in_inspector": false,
					"name": "Specular Object",
					"parent": "73264d40-f304-2246-a7c9-bbc3f272f813",
					"position": {
						"x": 0.0,
						"y": -4.0,
						"z": 1.0
					},
					"rotation": {
						"w": 1.0,
						"x": 0.0,
						"y": 0.0,
						"z": 0.0
					},
					"scale": {
						"x": 1.0,
						"y": 1.0,
						"z": 1.0
					}
				},
				{
					"children": [],
					"components": {
						"RenderComponent": {
							"enabled": true,
							"guid": "cfc88b8c-922f-1940-9c24-3797a953823f",
							"material": "fe24581b-09ff-7648-91e2-793cb45d6f3d",
							"mesh": "b27b70cd-2725-b14c-a9fd-0bb94c391bfc"
						}
					},
					"guid": "9593d3ef-a64d-1a48-ab3c-af290f956809",
					"hide_in_inspector": false,
					"name": "Foliage Sphere",
					"parent": "73264d40-f304-2246-a7c9-bbc3f272f813",
					"position": {
						"x": -4.0,
						"y": -4.0,
						"z": 1.0
					},
					"rotation": {
						"w": 1.0,
						"x": 0.0,
						"y": 0.0,
						"z": 0.0
					},
					"scale": {
						"x": 1.0,
						"y": 1.0,
						"z": 1.0
					}
				},
				{
					"children": [],
					"components": {
						"RenderComponent": {
							"enabled": true,
							"guid": "ec0e2a5b-1bf0-f24d-b0e1-4852e31a7a31",
							"material": "fe24581b-09ff-7648-91e2-793cb45d6f3d",
							"mesh": "004f8054-65f9-4546-aba3-c0ead72d669d"
						}
					},
					"guid": "43cffc05-60e5-e840-bf38-d7534e9abb32",
					"hide_in_inspector": false,
					"name": "Foliage Box",
					"parent": "73264d40-f304-2246-a7c9-bbc3f272f813",
					"position": {
						"x": -6.0,
						"y": -4.0,
						"z": 1.0
					},
					"rotation": {
						"w": 1.0,
						"x": 0.0,
						"y": 0.0,
						"z": 0.0
					},
					"scale": {
						"x": 1.0,
						"y": 1.0,
						"z": 1.0
					}
				},
				{
					"children": [],
					"components": {
						"RenderComponent": {
							"enabled": true,
							"guid": "9b93edab-5a7f-bc45-99d6-77483a896272",
							"material": "407a018d-43fb-c440-b2db-2095007f6936",
							"mesh": "b27b70cd-2725-b14c-a9fd-0bb94c391bfc"
						}
					},
					"guid": "44bc42f6-b251-0f46-99e1-d0449e07777b",
					"hide_in_inspector": false,
					"name": "Toon Object",
					"parent": "73264d40-f304-2246-a7c9-bbc3f272f813",
					"position": {
						"x": -2.0,
						"y": -4.0,
						"z": 1.0
					},
					"rotation": {
						"w": 1.0,
						"x": 0.0,
						"y": 0.0,
						"z": 0.0
					},
					"scale": {
						"x": 1.0,
						"y": 1.0,
						"z": 1.0
					}
				},
				{
					"children": [],
					"components": {
						"RenderComponent": {
							"enabled": true,
							"guid": "227ddbc0-8d1c-654f-9cba-74539a0c8531",
							"material": "5690652a-ab88-2f41-b892-3a4a92e075dd",
							"mesh": "b27b70cd-2725-b14c-a9fd-0bb94c391bfc"
						}
					},
					"guid": "19cd0aba-175d-bc4a-962c-b17145193388",
					"hide_in_inspector": false,
					"name": "Displacement Object",
					"parent": "73264d40-f304-2246-a7c9-bbc3f272f813",